,created_at,LT,LB,KT,KM,garasi,carport,lokasi,sertifikat,listrik,hadap,harga,deskripsi
0,2021-08-12,71.0,43.0,2.0,1.0,,1.0,Kabupaten Bekasi,SHM,1300.0,,550000000.0,"Selangkah ke stasiun krl telaga murni, Dekat dengan kawasan industri mm 2100, gobel, jababeka, ejip dan tol baru yaitu toll jorr 2 cilincing dan cimanggis,segera dibangun mall di dalam kawasan metland cibitung, dekat dengan rs. hermina yang berada di dalam kawasan metland cibitung, sistem keamanan 24 jam cctv, air bersih dan kencang wtp aetra, listrik token 1300watt, dan di kelola oleh badan pengelola lingkungan bpl kebersihan terpadu"
1,2021-08-12,59.0,60.0,2.0,1.0,,1.0,Kabupaten Bekasi,SHM,,,440000000.0,"Rumah sangat nyaman,dan terbukti bebas banjir, Lokasi perumahan juga sangat strategis. keamanan 24 jam (akses keluar masuk satu pintu), lokasi sangat strategis karna dekat dengan Jl. raya Pantura, Ramayana, Minimarket, Kawasan Industri, Toll Cibitung, Pasar tradisional."
2,2021-08-12,124.0,95.0,2.0,1.0,,1.0,Kabupaten Bekasi,SHM,,,699000000.0,"Bebas banjir, Carport dan tanah luas ada taman nya ,tempat sejuk, Pasilitas di Metland Cibitung, Deket dengan stasiun, Deket dengan Rumah sakit, Deket dengan sekolah TK SMP ,SMA , waaaaooooo bget fasilitas nya, TDK harus pergi jauh cari sekolah,  Deket dengan pertokoan juga ,,,seru dan pas bsnget kl punya rmh di Metland Cibitung , penasaran kan jgn LP wa yaaa di tunggu, INFO LEBIH LANJUT HUBUNGI"
3,2021-08-12,144.0,100.0,2.0,1.0,,1.0,Kabupaten Bekasi,SHM,2200.0,Selatan,1350000000.0,"(Harapan Indah) Cluster Aralia Kota Harapan Indah, Desa Pusaka Rakyat, Kecamatan Tarumajaya, Kabupaten Bekasi 17214
Harga jual : Rp. 1.350.000.000,- Nego
Sertifikat Hak Milik
Luas tanah: 144 m2 (8x18 meter); Luas bangunan: 100 m2; Jumlah lantai: 1 lantai
Kamar tidur: 2+1 kamar tidur; Kamar mandi: 1+1 kamar mandi; Carport: 1 mobil; Listrik: 2200 watt; Sumber air: PDAM; Bangunan menghadap: Selatan
~ Bangunan Rumah rapi dan siap huni
~ Lingkungan nyaman dan aman
~ Jalan depan rumah lebar bisa 3 mobil
~ Cluster One Gate System, kemanan 24 jam
~ Tidak banjir
~ Bisa KPR"
4,2021-08-12,108.0,100.0,3.0,2.0,,1.0,Kabupaten Bekasi,SHM,2200.0,Timur,1400000000.0,"(Harapan Indah) Cluster Harmoni Perumahan Kota Harapan Indah Bekasi, Desa Pusaka Rakyat, Tarumajaya, Kabupaten Bekasi 17214
Harga jual : Rp. 1.400.000.000,- Nego
Sertifikat Hak Milik
Luas tanah: 108 m2; Luas bangunan: 100 m2; Jumlah lantai: 2 Lantai; Kamar tidur: 3 kamar tidur; Kamar mandi: 2 Kamar mandi; Carport: 1 Mobil; Listrik: 2200 watt; Sumber air: PDAM; Bangunan menghadap: Timur
~ Bangunan bagus, rapi dan siap huni
~ Cluster One Gate System, keamanan 24 jam
~ Akses jalan bisa 3 mobil
~ Tidak banjir
~ Bisa KPR"
5,2021-08-12,160.0,230.0,4.0,4.0,1.0,,Kabupaten Bekasi,SHM,5500.0,Selatan,1850000000.0,"(Harapan Indah) Cluster Aralia Perumahan Kota Harapan Indah, Desa Pusaka Rakyat, Kecamatan Tarumajaya, Kabupaten Bekasi 17214
Harga jual : Rp. 1.850.000.000,- Nego
Sertifikat Hak Milik
Kamar tidur: 4+1 kamar tidur; Kamar mandi: 4+1 kamar mandi; Garasi: Carport 1 Mobil; Luas tanah: 160 m2 (8x20 meter); Luas bangunan: 230 m2; Jumlah lantai: 2 Lantai; Listrik: 5500 watt; Sumber air: PDAM; Bangunan menghadap: Selatan
~ Kondisi Rumah bagus, rapi dan siap huni
~ Cluster One Gate System keamanan 24 jam
~ Rangka atap baja ringan
~ Rumah hadap taman
~ Jalan depan rumah lebar dan 2 lajur
~ Tidak banjir
~ Bisa KPR"
6,2021-08-12,144.0,157.0,3.0,3.0,,1.0,Kabupaten Bekasi,HGB,2200.0,Selatan,2100000000.0,"(Harapan Indah) Cluster Asera One South, Perumahan Kota Harapan Indah, Desa Pusaka Rakyat, Kecamatan Tarumajaya, Kabupaten Bekasi 17214
Harga jual : Rp. 2.100.000.000,- Nego
Sertifikat Hak Guna Bangunan
Luas tanah: 144 m2 (8x18 meter); Luas bangunan: 157 m2; Jumlah lantai: 2 lantai; Kamar tidur: 3+1 kamar Tidur; Kamar mandi: 3+1 kamar tidur; Listrik: 2200 watt; Sumber air: PDAM; Carport: 1 mobil; Bangunan menghadap: Selatan
~ Kondisi Rumah masih tersewa sampai dengan bulan Agustus 2022
~ Lokasi rumah dekat dengan Pos Kemanan dan Club House
~ Asera One South adalah Cluster Premium dengan desain yang mewah, lingkungan yang nyaman dengan di lengkapi : 1. Security 24 jam; 2. Club house di dalam cluster; 3. Fasilitas taman bermain anak; 4. Listrik underground; 5. Canopy
~ Tidak banjir"
7,2021-07-12,336.0,200.0,4.0,3.0,,1.0,Kabupaten Bekasi,HGB,5500.0,,4200000000.0,"Harga Rp 4,2 Miliyar ( Nego ); Luas Tanah 336 m; Luas Bangunan 200 m; 4 + 1 Kamar Tidur; 3 + 1 Kamar Mandi; 2 Lantai; Carport; Taman; Listrik 5.500 Watt
Lokasi paling dekat dengan Fasilitas Swimming Pool Cluster
Row Jalan Lebar
Lokasi terletak di Cluster Pasadena, Zona Amerika, Kota Deltamas , Cikarang Pusat , Kabupaten Bekasi.
Cluster Favourite , Instalasi sudah Under Ground ,dan ada Fasilitas Kolam renang Bagi Penghuni Cluster , One Gate System , Keamanan 24 Jam.
Pengembang Sinar Mas Land. Kota Deltamas Merupakan Residential yang mempunyai akses Tol Langsung Jakarta Cikampek KM 37. Bisa juga melalui Kases Tol 34 Cibatu yang melewwati Meikarta.
Sudah di buka akses ke Lippo Cikarang, Meikarta dan Jababeka.
Sudah Ramai Penduduk, Fasilitas sudah ada Perbankan ( Mandiri, BNI, BJB, BCA dll ) , Hotel, Pusat Pemerintahan Kabupaten Bekasi , Tempat Kuliner, Mc Donald .
Cocok untuk Hunian dan Investasi ( disewakan )"
8,2021-07-12,119.0,170.0,5.0,3.0,,1.0,Kabupaten Bekasi,SHM,2200.0,,975000000.0,"Rp 975 Jt 2 Lantai Luas Tanah 119 m Luas Bangunan 170 m 5 Kamar Tidur 3 Kamar Mandi Listrik 2.200 Watt Air WTP Kota Deltamas Sertifikat Hak Milik Siap Huni Lokasi di Cluster Riviera, Kota Deltamas, Cikarang Pusat, Kabupaten Bekasi. Satu2nya Cluster yang paling dekat dengan tempat ibadah dan dekat dengan Ruko ruko serta pertokoan yang menjual berbagai makanan, Toko Pakaian, Laundry , Minimarket dan lainnya. Cluster yang paling dekat dengan Sekolah Pangudi Luhur, One Gate System , Keamanan 24 Jam. Pengembang Sinar Mas Land. Kota Deltamas Merupakan Residential yang mempunyai akses Tol Langsung Jakarta Cikampek KM 37. Bisa juga melalui Kases Tol 34 Cibatu yang melewwati Meikarta. Sudah di buka akses ke Lippo Cikarang, Meikarta dan Jababeka. Sudah Ramai Penduduk, Fasilitas sudah ada Perbankan ( Mandiri, BNI, BJB, BCA dll ) , Hotel, Pusat Pemerintahan Kabupaten Bekasi , Tempat Kuliner, Mc Donald ."
9,2021-06-12,102.0,132.0,3.0,2.0,,1.0,Kota Bekasi,SHM,1300.0,,685000000.0,"Rumah Siap Huni Aman dan Nyaman, lingkungan yang sangat asri, lokasi bebas banjir dan strategis, Luas Tanah 102 m, Luas Bangunan 132 m, Kamar Tidur 3, Kamar Mandi 2, Rumah 2 Lantai, Lantai Atas Terdapat 1 kamar Tidur, Ruang Cuci, Ruang Setrika dan Tempat Jemuran, Lantai Bawah Terdapat 2 Kamar Tidur, 2 Kamar Mandi, Ruang Tamu, Ruang Keluarga dan Dapur, Baja Ringan, Tembok Bata Merah, Jalanan Cor Muat 3 Mobil, Sertifikat SHM, Harga 685 Juta ( Nego ), Terima Rumah Indent 8 minggu selesai"
10,2021-06-12,85.0,68.0,3.0,2.0,1.0,,Kota Bekasi,SHM,2200.0,Utara,984000000.0,"Town house bergaya minimalis modern FREE BIAYA BIAYA di Jatiluhur Jatiasih kota Bekasi, hanya 15 menit dari tol jorr Jatiasih, akses tol lainnya adalah tol jorr Jatiwarna, transportasi Umum lainnya : angkot KC.A (Jatisari - Pondok Gede). Lokasi cluster masih Asri, Nyaman, dan Aman serta Bebas Banjir."
11,2021-06-12,72.0,50.0,2.0,1.0,,1.0,Kota Bekasi,SHM,1300.0,,475000000.0,"Dijual Rumah Di Mutiara Gading City Bekasi. LT 72 M2, LB 50 M2, KT 2, KM 1, Carport, Air = Pam, Listrik = 1300, SHM. Harga 475jt
"
12,2021-06-12,60.0,63.0,3.0,2.0,,1.0,Kota Bekasi,SHM,2200.0,,742000000.0,"Rumah 2 Lantai type 63/60 di Jatiasih Kota Bekasi: 3 kt 2 km, Carport, Keunggulan Lokasi: Dekat dengan berbagai fasilitas yang menunjang kebutuhan sehari-hari.
Fasilitas Ibadah: 250 M KE MASJID JAMI AL-BADRIYAH, 650 M MASJID SITI RAWANI, 1,7 KM MASJID BAITURRAHMAN, 4,9 KM MASJID JAMI MIFTAHUL JANNAH, 5 KM MASJID AL FALAH, 6,8 KM MASJID BAITUL JIHAD
Fasilitas Pendidikan: 650 M MADRASAH DINIYAH AL IKHLAS, 650 M SEKOLAH ALAM NATUR ISLAM, 750 M PERGURUAN ISLAM AL-FAJAR, 1 KM SMK TRISAKA, 5,8 KM TKI / SDI AL-AZHAR JATIKRAMAT
Fasilitas Komersil: 1,6 KM PASAR BARU JATIASIH, 3,4 KM SUPERINDO WIBAWA MUKTI, 3,9 KM SUPERINDO JATIKRAMAT, 4 KM PASAR BANTAR GEBANG, 7,9 KM GIANT JATIWARNS
Fasilitas Kesehatan: 1,4 KM RS. KARTIKA HUSADA, 2,7 KM RS. MITRA KELUARGA PRATAMA JATIASIH, 4,1 KM RS BANTAR GEBANG, 4,7 KM RS. KARYA MEDIKA
2,6 KM KE PINTU TOL JATIASIH GATE 2; 7,4 KM KE PINTU TOL JAKASAMPURNA; 8,5 KM KE PINTU TOL BEKASI TIMUR 2; 8,2 KM KE PINTU TOL BEKASI BARAT;10 KM KE STASIUN KRANJI DAN STASIUN BEKASI"
13,2021-06-12,84.0,168.0,4.0,3.0,,1.0,Kota Bekasi,HGB,1300.0,,925000000.0,"Adanya angkot k09 Babelan ke Terminal Bekasi, dekat sarana Pendidikan Swasta dan Negri, dekat ke Pusat Pemerintahan  Kelurahan Kebalen, Dekat ke Pasar Tradisional Wisma Asri, Mudah ke Stasiun Bekasi dan Terminal Bekasi"
14,2021-06-12,77.0,60.0,2.0,2.0,,1.0,Kota Bekasi,SHM,1300.0,,595000000.0,"Rumah Bagus Full Renov di Harapan Indah Bekasi, Harga jual 595jt nepis"
15,2021-06-12,245.0,117.0,3.0,2.0,,,Kota Bekasi,SHM,2200.0,Timur,2750000000.0,"Rumah 1 lantai Hook, Lokasi yang Strategis dekat dengan mall Grand kamala lagoon, mall MM, GMM, GGP, kuliner, rumah sakit, sekolah, rumah ibadah, minimarket, supermarket, dll Akses jalan yg mudah"
16,2021-06-12,296.0,200.0,4.0,2.0,,,Kota Bekasi,SHM,5500.0,,2300000000.0,"Rumah Hoek dalam cluster Aralia, Rumah hadap timur dan menghadap taman.Bonus AC dan furnish yang nempel ditinggal."
17,2021-06-12,200.0,250.0,4.0,3.0,1.0,1.0,Kota Bekasi,SHM,2200.0,Selatan,2300000000.0,"rumah mewah dalam cluster eksklusif di harapan indah regency, One gate sistem dg security 24 jam, Bebas banjir, Lokasi terdepan dan strategis dekat dengan clubhouse harapan indah, sentra kuliner, rumah ibadah, rumah sakit, bank , settle busway dan pasar .
"
18,2021-06-12,60.0,55.0,2.0,1.0,1.0,1.0,Kota Bekasi,SHM,1300.0,Barat,600000000.0,"Dijual Rumah Pesona Anggrek Harapan Bekasi Utara, selling point; bebas banjir, dekat Stasiun Bekasi, dekat perumahan Harapan Indah, ada sport ceter di dalam perumahan "
19,2021-06-12,60.0,40.0,2.0,1.0,1.0,1.0,Kabupaten Bekasi,SHM,1300.0,,385000000.0,"Dijual rumah daerah dekat grand Wisata bekasi siap huni, dekat dengan semua fasilitas kebutuhan sehari-hari dan cocok untuk hunian keluarga."
20,2021-06-12,94.0,145.0,4.0,2.0,,1.0,Kota Bekasi,SHM,2200.0,Selatan,825000000.0,"Dijual rumah 2 lantai siap huni luas 94m2 type 4KT Harapan Indah Bekasi, AIr : PAM, Hadap : Selatan
"
21,2021-06-12,84.0,75.0,2.0,2.0,,,Kota Bekasi,SHM,2200.0,Selatan,990000000.0,"lokasi strategis, lingkungan aman dan nyaman, akses dekat dengan sarana dan prasarana umum, bangunan bagus dan terawat, siap huni"
22,2021-06-12,66.0,144.0,3.0,2.0,,,Kota Bekasi,SHM,2200.0,,1600000000.0,"AKSES TOL BARAT, 10 MENIT KE RS BELLA, 15 MENIT KE RS MEKARSARI, 15 MENIT KE TRANSMART, 20 MENIT KE MM BEKASI, GIANT, BCP, BANYAK SEKOLAH DARI TK-SMA SWASTA ATAUPUN NEGRI"
23,2021-06-12,88.0,170.0,4.0,2.0,,,Kota Bekasi,SHM,1300.0,,600000000.0,"Perumahan sebelah Rumah Sakit Tiara, 15 menit ke Summarecon Mall Bekasi, 20 menit ke Stasiun Bekasi, 25 menit ke Mall Metropolitan, Mega Bekasi & Bekasi Cyber Park.,  30 menit ke Tol Bekasi Barat"
24,2021-06-12,60.0,40.0,2.0,1.0,1.0,1.0,Kota Bekasi,SHM,1300.0,Timur,375000000.0,"Dekat jalan raya, Dekat fasilitas umum seperti, dekat rumah sakit, dekat sekolah, dekat pasar, dekat restoran, dekat minimarket dan Supermarket"
25,2021-06-12,97.0,90.0,3.0,1.0,,1.0,Kota Bekasi,SHM,2200.0,Utara,825000000.0,"Dijual rumah di Tytian Kencana Kota Bekasi, bebas banjir, row 2 mobil, keamanan 24 jam"
26,2021-06-12,78.0,140.0,3.0,1.0,,1.0,Kota Bekasi,HGB,1300.0,Selatan,590000000.0,"Fasilitas lengkap dengan adanya sekolah, rumah sakit, pasar, mesjid, minimarket dan kuliner sekitarnya. Akses dekat ke Toll Bekasi Timur, Stasiun Bekasi, transjakarta dan angkutan umum lainnya."
27,2021-06-12,60.0,55.0,2.0,1.0,1.0,,Kabupaten Bekasi,SHM,900.0,Timur,160000000.0,"Lokasi sangat strategis, jarak 10 menit'an dari stasiun Kereta Tambun, 15-20 menit ke pintu tol Bekasi, pemukiman padat penduduk sangat cocok untuk buka usaha rumahan seperti warung dan toko dan bebas banjir."
28,2021-06-12,78.0,45.0,2.0,1.0,1.0,,Kabupaten Bekasi,SHM,1300.0,,500153000.0,"Lokasi dekat Tol Grand Wisata, dekat pasar, Rumah sakit dan Sekolah. Dapatkan Rumah Nuansa Bali kualitas REAL ESTATE:- Dekat dengan pasar tradisional - Bebas Banjir - Dekat Pusat Pembelanjaan"
29,2021-06-12,91.0,90.0,4.0,4.0,1.0,1.0,Kota Bekasi,SHM,2200.0,,1667000000.0,"Cluster MULBERRY, Summarecon Bekasi, Bekasi Utara, LT. 91 m2 (7x17), LB. 93 m2, KT 3+1 KM 3+1, 2 Lantai, 1 carport berkanopi 1 garasi, 2200W, Di lengkapi gorden Fasilitas dalam cluster: Sistem Cluster one gate system dengan security 24 jam, Swimming Pool Anak Dewasa, Private Club House, Taman dalam cluster, Children Playground, Jogging Track, Fasilitas dalam kawasan: Sekolah BPK Penabur Al Azhar, Aneka Kursus mulai dari YAMAHA, Purwacaraka, English First, Wishing Star, dll, Bank BCA, Mandiri, BNI, BTN, BRI, Permata, NISP, dll lengkap, SINPASA Pasar Bersih Modern, Pusat Kuliner La Terazza, Downtown Walk, dll, Aneka Restaurant seperti Mang Engking, McDonald, Seribu, Harga Mulai Dari Rp 1.667.000.000"
30,2021-06-12,110.0,135.0,3.0,2.0,,1.0,Kota Bekasi,SHM,2200.0,Utara,1175000000.0,"Rumah cantik sangat siap huni dg kondisi terawat, Rumah 2 lantai, Hadap Utara di Cluster Balsa, rumah sudah full renovasi dan semi furnished tinggal bawa koper saja harga di bawah harga pasar, ROW jalan besar. Sertifikat Hak Milik, Bonus AC Gordyn Kitchen set, Listrik 2.200 VA, Cash atau KPR bisa dibantu"
31,2021-06-12,200.0,293.0,6.0,4.0,1.0,1.0,Kota Bekasi,SHM,5500.0,,4500000000.0,"Jual cepat rumah mewah harga murah , 3 Lantai, Fully Furnished di Perumahan Terbaik di area Jatibening, Bekasi. Open Price 4,5 M. - Nego sampai deal!, Details : Lt/Lb : 200/293, Bedrooms : 6, Bathrooms : 4, Daya Listrik : 5.500 Watt, Garasi mobil : 1 Mobil, Carport : 1 Mobil, Kondisi : Fully Furnished, Sertifikat : IMB SHM, Fasilitas di Kompleks Perumahan: Swimming Pool, Jogging Track, Lapangan Tennis, Barbeque Park, Security 24 jam"
32,2021-06-12,153.0,180.0,5.0,4.0,1.0,1.0,Kabupaten Bekasi,SHM,4400.0,,1300000000.0,"Di lelang Tidak Bergerak, Tanah berikut bangunan, SHM NO. 2400, tanggal 2 Juli 2015, Luas : 153 m2, Lokasi : Perumahan Metland Tambun Cluster The Platinum Type Gold, Blok J 2 No. 5 Desa Cibuntu, Kec. Cibitung Kab. Bekasi, Provinsi Jawa Barat"
33,2021-06-12,200.0,250.0,4.0,3.0,1.0,1.0,Kota Bekasi,SHM,2200.0,Selatan,2300000000.0,"Dijual cepat harga BU !!, rumah mewah dalam cluster eksklusif di harapan indah regency, One gate sistem dg security 24 jam, Row jalan besar bisa 3-4mobil, Bebas banjir, Lokasi terdepan dan strategis dekat dengan clubhouse harapan indah, sentra kuliner, rumah ibadah, rumah sakit, bank , settle busway dan pasar ."
34,2021-06-12,144.0,144.0,3.0,3.0,,,Kota Bekasi,SHM,2200.0,,2100000000.0,"Dijual cepat Rumah termurah rapih siap huni di cluster asera harapan indah bekasi, Hunian aman nyaman Keamanan one gate sistem, Fasilitas di cluster sport club dan kolam renang., Dekat ke eka hospital Dekat ke transera water park Dekat ke sekolah Dekat ke pom bensin Dekat ke pasar modern"
35,2021-06-12,110.0,135.0,3.0,2.0,,,Kota Bekasi,SHM,2200.0,,1170000000.0,"Dijual cepat jual rugi !!!, rumah cantik sangat siap huni dg kondisi terawat, Rumah 2 lantai, Hadap Utara di Cluster Balsa, rumah sudah full renovasi dan semi furnished tinggal bawa koper saja harga di bawah harga pasar, ROW jalan besar., Sertifikat Hak Milik, 
Bonus AC Gordyn Kitchen set, Listrik 2.200 VA, Cash atau KPR bisa dibant"
36,2021-06-12,60.0,60.0,1.0,1.0,,1.0,Kota Bekasi,SHM,1300.0,Timur,430000000.0,"Rumah dijual BU di Bekasi Timur Bisa KPR Bank Syariah Tanpa Riba, 1 kamar tidur, 1 Kamar Mandi, 1 Carport, Listrik 1300 watt, Surat SHM on Hand, Full renov, Spesifikasi bangunan:, Pondasi : Batu kali+cakar ayam, Tembok: Hebel plester/cat tembok., Lantai: Granit, Kamar mandi mewah., Rangka atap: Baja ringan, Atap: Baja ringan., Kanopi: baja ringan atap spandek, Urugan: Sirtu, Kelebihan perumahan: Security 24 jam, Design Rumah Minimalis, Bebas Banjir
"
37,2021-06-12,94.0,102.0,3.0,2.0,2.0,1.0,Kota Bekasi,SHM,2200.0,,950000000.0,"Kodau Jatiwarna pondok gede, Rumah 2 lantai paling murah, Harga 950jt,  Cocok untuk hunian dan investasi, Unit terbatas hanya 14 unit, Lokasi strategis dekat Jakarta, Dekat sekolah, rumah sakit, mall, Dekat sarana ibadah, restoran, Dekat SPBU dan bank, Dekat pasar tradisional Kecapi, Dekat pintu tol Jatiwarna, Keamanan 24 Jam, Dekat angkutan umum, Ready Stock/Siap Huni"
38,2021-06-12,54.0,84.0,2.0,1.0,1.0,1.0,Kabupaten Bekasi,SHM,1300.0,Timur,650000000.0,"terletak dalam 2 wilayah berdekatan kabupaten bogor dan kabupaten bekasi,  dekat kawasan industri MM2100, Dekat Gerbang TOl (narogong, Jatikarya), Dekat Wisata Taman Buah Mekar sari, Harga: 650Juta (nego sampai jadi)"
39,2021-05-12,90.0,80.0,2.0,1.0,1.0,1.0,Kota Bekasi,SHM,2200.0,Selatan,890000000.0,"Lokasi strategis aman asri tenang, security 24 jam, Bebas banjir, Dekat angkutan, Dekat Pasar, Dekat stasiun cakung, Dekat Sekolahan, Dekat Akses toll Bintara"
40,2021-05-12,72.0,36.0,2.0,1.0,,,Kabupaten Bekasi,SHM,2200.0,Timur,330000000.0,"Akses Dekat :* Sekolahan, * Rumah Sakit, * Tempat Ibadah, * Pusat Keramaian, * Tol , dll, Harga Rp 330.000.000 ,- Negoo"
41,2021-05-12,60.0,90.0,3.0,2.0,,1.0,Kota Bekasi,SHM,2200.0,,725000000.0,"Selling Point : 1 km dari pintu tol Pd kelapa, terbukti bebas banjir, lingkungan asri aman nyaman, legalitas SHM+IMB, rumah indent 3 Bulan
Spesifikasi : Luas tanah : 60, luas bangunan : 90, kamar tidur : 3, kamar mandi : 2, carport : 1 mobil, listrik : 2200 watt, air : tanah/jet pump
Cara Pembayaran : Harga Mulai 750 jt, cash Bertahap, KPR BTN BSI"
42,2021-05-12,63.0,45.0,2.0,1.0,,1.0,Kota Bekasi,SHM,1300.0,Timur,682000000.0,"5 menit Tol JORR Jatiasih, Dekat Pasar Jatiasih, 15 menit Mall Galaxy Park, 10 menit McDonald, KFC, Pizza Hut, 10 menit Perbankan, Dekat ke Sekolahan,"
43,2021-05-12,102.0,80.0,3.0,2.0,1.0,1.0,Kota Bekasi,SHM,,,895000000.0,"Lokasi strategis lingkungan aman rumah nyaman baru renovasi bebas banjir,dekat sekolahan dekat tempat pembelajaan,supermarket,dll,harga rumah nego bisa kpr dan cash proses kami bantu sampai selesai"
44,2021-05-12,84.0,168.0,4.0,3.0,,1.0,Kota Bekasi,SHM,2200.0,Barat,1400000000.0,"Rumah siap huni bawa koper FULL FURNISH harga di BAWAH APPRAISAL nempel Summarecon Tytyan kencana Bekasi, Air : Jet pump, Keunggulan; Selangkah ke summarecon bekasi, 5 menit Stasiun bekasi, Deket pusat kuliner, Dekat toll bekasi barat"
45,2021-05-12,60.0,60.0,1.0,1.0,,1.0,Kota Bekasi,SHM,1300.0,Timur,450000000.0,"Rumah di Taman Harapan Baru, lokasi strategis, fasiltas pertokoan, kuliner, kolam renang dan arena badminton, sarana ibadah, dll. Dekat ke Harapan Indah, Pondok Ungu. Dekat ke Plaza THB (Superindo)."
46,2021-05-12,112.0,120.0,3.0,2.0,1.0,1.0,Kabupaten Bekasi,SHM,2200.0,Selatan,1100000000.0,"Dijual rumah 2 lantai siap huni dalam cluster khusus muslim,teruji bebas banjir aman dan nyaman cocok untuk hunian keluarga karena lingkungan yang asri,dekat dengan sarana pendidikan, rumah sakit, kuliner, pasar modern,tip top,dan akses tol grand wisata."
47,2021-05-12,72.0,72.0,2.0,1.0,1.0,1.0,Kabupaten Bekasi,SHM,1300.0,,200000000.0,"Rumah BEBAS BANJIR harga 200 jt nego , luas tanah 72 m CASH, Sistem one gate system dan keamanan 24 jam, penghuni tidak perlu khawatir dengan kenyamanan dan keamanan tinggal di sini. Jalanan di perumahan ini sudah berbentuk paving block dan cukup lebar, sehingga dapat dilalui dua mobil dari arah berlawanan secara bersamaan. Dekat dengan fasilitas umum dan lingkungan aman nyaman dan sudah ramai penduduk nya"
48,2021-05-12,84.0,168.0,4.0,3.0,,1.0,Kota Bekasi,SHM,2200.0,Barat,1400000000.0,"Rumah siap huni dengan akses mudah, 5 menit Stasiun bekasi, dekat pusat kuliner, dekat toll bekasi barat, dekat toll becak kayu, hunian nyaman dan aman, dikelilingi sekolahan favorit"
49,2021-05-12,100.0,112.0,2.0,2.0,1.0,1.0,Kota Bekasi,SHM,1300.0,Selatan,750000000.0,"Lingkungan perumahan komplek, lokasi strategis aman asri tenang, security 24 jam, dekat RS. Hermina Grand Wisata, dekat ke pintu Tol Grand Wisata, dekat Pasar Tradisional, dekat Sekolah Negri dan Swasta Ternama"
50,2021-05-12,97.0,66.0,3.0,1.0,,1.0,Kota Bekasi,SHM,1300.0,,1800000000.0,"Dijual rumah strategis cocok untuk usaha di jalan utama Pondok Ungu Permai Bekasi, dekat dg pusat bisnis, kuliner, sekolahan, masjid, pasar, minimarket, kanan kiri sudah dijadikan area komersial, dekat dengan perumahan harapan indah dan Sumarecon Bekasi. Kanan kiri sudah jadi tempat usaha, sangat cocok untuk Bisnis"
51,2021-05-12,117.0,110.0,4.0,3.0,,1.0,Kota Bekasi,SHM,2200.0,,1450000000.0,"Kelebihan: Unit ready stock, telah terbukti tidak banjir, memiliki taman depan & belakang, sirkulasi udara & pencahayaan yang baik, air tanah yang baik, hanya 15 menit dari gerbang tol jatibening, dekat stasiun LRT, dekat pasar tradisional & pasar modern, dekat pusat pemerintahan Kota Bekasi, dekat perkantoran & perbankan, dekat Hospital & sekolah, dekat tempat ibadah. Harga : 1.45 M (Nego-BU).
Spesifikasi : Luas tanah 117m2, luas bangunan 110m2, dinding full bata merah, listrik 2200 watt,a ir jet pump, carport 1 mobil, kamar tidur 3 + 1, kamar mandi 2 + 1, akses jalan 2 mobil."
52,2021-05-12,101.0,90.0,3.0,3.0,1.0,1.0,Kota Bekasi,SHM,2200.0,Selatan,1600000000.0,"Luas Tanah 101m2 (6,5x7), luas Bangunan 90m2, kamar Tidur 3, kamar Mandi 3, sertifikat SHM, IMB ada, listrik 2200 Watt, carport 1 mobil, air Jetpump, adap Selatann, Un Furnish
Akses toll terdekat toll Becakayu, Jatibening, Jatiwaringin dan Fasilitas transportasi publik LRT
Harga 1,6 Milyar nego"
53,2021-05-12,100.0,112.0,2.0,2.0,1.0,1.0,Kota Bekasi,SHM,1300.0,Selatan,750000000.0,"Rumah Di Dukuh Zamrud Mustika Jaya, Bekasi kota, Spesifikasi : Bangunan : second bagus, SHM + IMB, LB : 112 m2, LT : 100 m2, KT : 2, KM : 2, carport : 1 mobil, berapa Lantai : 1, 5, sumber Air : JetPump, hadap : Selatan, akses Jalan : 2 Mobil, bebas Banjir ? : Ya, bisa KPR ? : Ya, dapur : ya, Keunggulan : Lingkungan perumahan komplek, lokasi strategis aman asri tenang, security 24 jam, dekat ke Mc. Donald & KFC Dukuh Zamrud, dekat RS. Hermina Grand Wisata, dekat ke pintu Tol Grand Wisata, dekat kuliner Grand Wisata, solaria, Burger King dll. Dekat BCA Grand Wisata, dekat Pasar Tradisional, dekat Sekolah Negri dan Swasta Ternama. Harga : 750 juta Nego"
54,2021-04-12,60.0,45.0,2.0,1.0,,,Kabupaten Bekasi,"SHM,IMB",1300.0,,385000000.0,"Rumah cluster sumber jaya Tambun selatan lingkungan aman dan nyaman.bebas banjir. DP 0 %, Booking 2,5 juta. Struktur bangunan: pondasi batu kali, dinding: bata hebel finishing cat, lantai : granit 60x60, rangka atap baja ringan, penutup atap genteng beton, kusen alumunium powder coating, dan kloset duduk dan shower."
55,2021-04-12,94.0,70.0,2.0,2.0,,,Kota Bekasi,SHM,1300.0,Barat,850000000.0,"Dijual rumah siap huni di daerah bekasi harapan indah 1, dekat dengan pasar, sekolah dan masjid."
56,2021-04-12,84.0,84.0,2.0,2.0,,1.0,Kota Bekasi,SHM,900.0,,500000000.0,"Rumah terawat jalan mobil Bekasi jaya Jawa barat, Lt. 84, Lb. 84, SHM, Harga 500jt"
57,2021-04-12,84.0,141.0,3.0,3.0,,1.0,Kota Bekasi,SHM,,Selatan,1250000000.0,"Dijual rumah Furnished siap huni 2 lantai di Kota Harapan Indah, Bekasi. Rumah renovasi total th 2017. Sudah baja ringan, menggunakan bata merah. Lt. 94 (7*13,5) Lb. 141 SHM Hadap Selatan Kt. 3+1 Km. 3 Gudang 1 Listrik 2200 Carport 1 Water heater 4 unit A/C Water filter Kitchen Set."
58,2021-04-12,135.0,119.0,4.0,2.0,,,Kota Bekasi,SHM,2200.0,,900000000.0,Dekat pasar dekat halte damri rs sekolah depan living plaza pusat kuliner dekat tol baru dekat stasiun kranji kota mandiri.
59,2021-04-12,150.0,145.0,3.0,2.0,2.0,2.0,Kota Bekasi,SHM,3300.0,,750000000.0,"FASILITAS:, Satpam komplek, Lingkungan bebas banjir, Dekat Kolam Renang THB, Pojokan rumah taman luas, Deket tempat bermain anak2, Dekat SDIT Gema Nurani, Dekat Kota Harapan Indah, Fasilitas dekat komplek: Indomaret , RS THB, Puskesmas, Kelurahan,SPBU, ATM."
60,2021-04-12,90.0,110.0,4.0,2.0,,1.0,Kota Bekasi,SHM,3500.0,,1400000000.0,"Rumah dua lantai BARU RENOVASI model minimalis FULL FURNISHED Luas tanah 90 m Lebar 6m Panjang 15m Kamar tidur 4 Kamar mandi 2 2 lantai Sertifikat Hak Milik CLUSTER BEBAS BANJIR Dekat dengan : Stasiun kereta bekasi bulan – 10 mnt Summarecon Bekasi – 5mnt Metropolitan mall bekasi – 12mnt Pintu tol bekasi barat – 12mnt Harga 1.4 M ( MASIH NEGO ) Full Furnished new model AIR PAM & JET PAM listrik 3500 kwh,
"
61,2021-04-12,84.0,180.0,4.0,3.0,2.0,2.0,Kota Bekasi,SHM,2200.0,Utara,1350000000.0,"Perumahan TYTYAN KENCANA Lokasi dikawasan yg sdh berkembang, Akses dr FlyOver Summarecon langsung Tol Bekasi Barat, dekat dgn Stasiun Bekasi , Depan Gerbang dekat sekolah Ternama, Al- Azhar, BPK Penabur, dn kampus Binus University dekat dgn Mall Summarecon Bekasi dn Harris Hotel Pusat Kuliner yg sdh sangat lengkap Pusat Perbelanjaan, Perkantoran dn PerBankan Security 24 Jam..Harga Nego.."
62,2021-04-12,105.0,85.0,3.0,2.0,,1.0,Kota Bekasi,SHM,2200.0,,750000000.0,"Dijual cepat, Rumah termurah lepas cepat, Kondisi rumah rapih siap huni dan terawat di perumahan taman harapan baru bekasi, Hunian aman nyaman dan asri, Keamanan one gate sistem, Fasilitas lengkap di perumahan"
63,2021-04-12,143.0,143.0,2.0,2.0,,,Kota Bekasi,SHM,2200.0,,950000000.0,Rumah siap huni luas tanah 143 Dekat dengan summarecon bekasi Toll bekasi barat.
64,2021-04-12,60.0,55.0,2.0,2.0,,1.0,Kabupaten Bekasi,HGB,2200.0,Timur,598000000.0,"HARGA MULAI 640JT 2 LANTAI, Promo Waterfront *UPTOWN* ,*Bisa Tanpa Dp* ,*Free Biaya KPR* ,*Free IPKL Selama 1th* ,*Free Canopy*, *Konsumen Berhak memutar Undian Win Wheel of fortune ( TV, AC , Kichen set, Smarthome, Voucher Hypermart )*"
65,2021-04-12,60.0,32.0,2.0,1.0,1.0,1.0,Kabupaten Bekasi,SHM,1300.0,Timur,481000000.0,"Smart Home Sistem: Smart Door Lock, CCTV, Fasilitas Kawasan: Club House, Kolam Renang Masjid, Sekolah, Pasar Modern, Pusat Perbelanjaan, Akses: 25 menit ke Bekasi Kota, 25 menit ke Harapan Indah, 10 menit ke Pintu Tol JORR 2 (On Progress)"
66,2021-04-12,60.0,55.0,2.0,1.0,,1.0,Kota Bekasi,SHM,2200.0,Timur,1350000000.0,"Smart Home Sistem: Smart Door Lock, CCTV, Smart Bulb, Fasilitas Cluster: Kolam Renang,Taman, Jogging Track, Lapangan Basket, Fasilitas Kawasan: Club House, Masjid, Sekolah, Pasar Modern, Pusat Perbelanjaan, Halte Busway, Waterpark, Rumah Sakit, Pusat Kuliner
Akses: 30 menit ke Bekasi Kota, 15 menit ke Kelapa Gading, 10 menit ke Jakarta Timur, Akses Tol: Cakung Barat, Cakung Timur, Pulo Gebang, Bekasi Barat"
67,2021-04-12,126.0,90.0,5.0,1.0,1.0,1.0,Kota Bekasi,SHM,2200.0,,1200000000.0,"Dijual rumah CEPAT siap huni di cluster  Taman sari perumahan HARAPAN INDAH Bekasi kota, BERADA DI PUSATNYA BEKASI KOTA , akses ke SUMARECON STASIUN TERMINAL dan TOL BEKASI BARAT, BEBAS BANJIR, LINGKUNGAN CLUSTER , aman nyaman dan security 24 jam, PAM, "
68,2021-04-12,72.0,50.0,2.0,1.0,,1.0,Kota Bekasi,SHM,1300.0,Selatan,520000000.0,"Dijual cepat rumah minimalis full renov dan full furnished dalam cluster harapan Mulya regency Cluster aman dana nyaman dengan one gate sistem (security 24 jam) Row jalan 2 mobil Ada taman dalam cluster untuk bermain anak Lokasi strategis dekat dengan sekolah, rumah sakit, pasar tradisional, sentra kuliner dan rumah ibadah . Kedepannya nilai Investasi sangat bagus karna hanya 2km dari pintu toll jor 2 gate tarumajaya. Harga nego"
69,2021-04-12,105.0,130.0,3.0,3.0,,1.0,Kota Bekasi,SHM,2200.0,Selatan,1200000000.0,"Dijual cepat Rumah cantik rapih siap huni di bulevar hijau harapan indah bekasi Hunian aman nyaman dan asri Dekat ke sport club,hotel santika premier, eka hospital, pom bensin , sekolah. Harga nego"
70,2021-04-12,160.0,180.0,4.0,2.0,,,Kota Bekasi,SHM,2200.0,,1400000000.0,"Dijual Rumah siap huni di Cluster Taman Sari, Kota Harapan indah Bekasi, lingkungan nyaman, Air PDAM, Canopy, Listrik 2200 Watt"
71,2021-04-12,160.0,70.0,3.0,1.0,1.0,1.0,Kabupaten Bekasi,SHM,900.0,Selatan,925000000.0,"Dalam komplek yg nyaman, jalan 2 mbl, butuh renovasi plafon."
72,2021-04-12,126.0,90.0,3.0,2.0,,2.0,Kota Bekasi,SHM,2200.0,,1200000000.0,"Dijual Rumah siap huni di Harapan indah Bekasi, Luas tanah 126, Luas bangunan 90, Kamar tidur 3, Kamar mandi 2, Listrik 2200 watt, Pam, Shm, 2 Carport , Harga jual 1.2M nego"
73,2021-03-12,72.0,60.0,3.0,2.0,,1.0,Kota Bekasi,SHM,2200.0,,1033000000.0,"Selling Point : Dekat Kota Cinema Mall Jatiasih, dekat Trisakti Ciangsana dan Mercu Buana, dekat bandara Halim Perdana Kusuma, dekat Trans Studio Mall dan TMII, dekat RS Jatisampurna dan Mitra Keluarga Jatiasih, dekat pintu tol Jorr Jatiasih
Fasilitas Cluster : Full Basketball Court, swimming Pool + Kids Pool, flower Garden, outdoor Gym, children Playground, traditional Gamesfield, jogging Track, keamanan 24Jam + CCTV, underground Utility
Spesifikasi : Luas tanah 72, luas bangunan 60, kamar tidur 3, kamar mandi 2, carport 2 mobil, air PDAM, listrik 2200 watt, dan harga mulai 1,033 M (cash)."
74,2021-03-12,96.0,69.0,3.0,3.0,,2.0,Kota Bekasi,SHM,2200.0,,920000000.0,"Super Prime Area : 5,2 km ke Summarecon Mall Bekasi, 4,1 km ke Primaya Hospital Bekasi, 3,8 km ke Universitas BSI, 5 km ke Universitas Binus, 2,4 km  ke Harapan Indah, 7 km ke Stasiun Bekasi, 9 km ke Pintu Toll Bekasi Barat, Type Rumah : Type Sapphire - LT 96/LB 69 m2 
Spesifikasi: Kamar tidur 3, kamar mandi 3, carport 2 mobil, listrik 2200, legalitas SHM"
75,2021-03-12,145.0,96.0,4.0,2.0,,,Kabupaten Bekasi,SHM,,,965000000.0,"Dijual Rumah Murah di Perumahan Kirana Cibitung,  lb:96, lt:145, Lokasi strategis,dekat dengan toll,aman dan bebas banjir, *surat-surat aman dan lengkap 100%, *CASH ONLY"
76,2021-03-12,364.0,494.0,5.0,,1.0,,Kota Bekasi,,,,2485000000.0,"Rumah Mewah Pondok Pekayon Indah Siap Huni di Kota Bekasi, lokasi strategi yang dekat dengan fasilitas umum, dan row jalan lebar"
77,2021-03-12,65.0,90.0,4.0,2.0,,1.0,Kota Bekasi,SHM,2200.0,Selatan,800000000.0,"Lokasi strategis dekat Sumarecon stasiun Bekasi, akses ke arah Tol Bekasi Barat, harapan indah Cakung pulogadung"
78,2021-03-12,72.0,60.0,3.0,2.0,,2.0,Kota Bekasi,SHM,2200.0,Timur,1030000000.0,"Selling Point : Dekat Kota Cinema Mall Jatiasih, dekat Trisakti Ciangsana dan Mercu Buana, dekat bandara Halim Perdana Kusuma, dekat Trans Studio Mall dan TMII, dekat RS Jatisampurna dan Mitra Keluarga Jatiasih, dekat pintu tol Jorr Jatiasih, Fasilitas Cluster : Full Basketball Court, swimming Pool + Kids Pool, flower Garden, outdoor Gym, children Playground, traditional Gamesfield, jogging Track, keamanan 24Jam + CCTV, underground Utility, Spesifikasi : Luas tanah 72, luas bangunan 60, kamar tidur 3, kamar mandi 2, carport 2 mobil, air PDAM, listrik 2200 watt, harga mulai 1,033 M (cash)"
79,2021-03-12,96.0,69.0,3.0,3.0,,1.0,Kota Bekasi,SHM,2200.0,Timur,920000000.0,"Super Prime Area : 5,2 km ke Summarecon Mall Bekasi, 4,1 km ke Primaya Hospital Bekasi, 3,8 km ke Universitas BSI, 5 km ke Universitas Binus, 2,4 km  ke Harapan Indah, 7 km ke Stasiun Bekasi, 9 km ke Pintu Toll Bekasi Barat Type Rumah: Type Sapphire - LT 96/LB 69 m2, Spesifikasi: Kamar tidur 3, kamar mandi 3, carport 2 mobil, listrik 2200, legalitas SHM"
80,2021-03-12,90.0,45.0,2.0,1.0,,1.0,Kabupaten Bekasi,SHM,1300.0,,270000000.0,"Di lelang Tidak Bergerak, Tanah berikut bangunan, Lokasi : Blok / No. Kav : RA 15-3 (setempat dikenal dengan Perumahan Harvest City, Cluster Rosemary, Kode Pos 17320 Blok RA 15 No. 03), Desa Cikarageman, Kecamatan Setu, Kabupaten Bekasi, Provinsi Jawa Barat."
81,2021-03-12,78.0,45.0,3.0,1.0,,1.0,Kabupaten Bekasi,SHM,1300.0,,430000000.0,"Lokasi : Blok / No. Kav : RE.15-8 (setempat dikenal dengan Harvest City, Rosaline Blok RE 15 No. 8), Desa Cikarageman, Kecamatan Setu, Kabupaten Bekasi, Provinsi Jawa Barat"
82,2021-03-12,60.0,53.0,2.0,1.0,,1.0,Kota Bekasi,SHM,1300.0,,475000000.0,"Dijual Rumah di Pejuang Pratama Bekasi, LT 60 M2, LB 52 M2, KT 2, KM 1, Pam, Harga 475jt nego"
83,2021-03-12,94.0,60.0,2.0,1.0,1.0,1.0,Kota Bekasi,SHM,1300.0,,575000000.0,"Dijual Rumah di Harapan Indah 1 Bekasi., LT 94 M2, Listrik 1300 watt, Harga 575jt nego"
84,2021-03-12,90.0,45.0,3.0,2.0,,1.0,Kabupaten Bekasi,SHM,1300.0,,300000000.0,"Di lelang Tidak Bergerak Tanah berikut bangunan SHM NO. 4972 tanggal 11 Januari 2016 Luas : 90 m2 Lokasi : Blok / No. Kav : RA 15-3 (setempat dikenal dengan Perumahan Harvest City, Cluster Rosemary, Kode Pos 17320 Blok RA 15 No. 03), Desa Cikarageman, Kecamatan Setu, Kabupaten Bekasi, Provinsi Jawa Barat"
85,2021-03-12,78.0,45.0,2.0,1.0,,1.0,Kabupaten Bekasi,SHM,1300.0,,450000000.0,"Di lelang Tidak Bergerak Tanah berikut bangunan SHM NO. 6276 tanggal 6 November 2019 Luas : 78 m2 Lokasi : Blok / No. Kav : RE.15-8 (setempat dikenal dengan Harvest City, Rosaline Blok RE 15 No. 8), Desa Cikarageman, Kecamatan Setu, Kabupaten Bekasi, Provinsi Jawa Barat"
86,2021-03-12,60.0,30.0,2.0,1.0,,1.0,Kabupaten Bekasi,HGB,1300.0,,168000000.0,"DISKON DP ALL IN Hingga 6,1 Juta !!! Segera Ikuti Promonya dan miliki rumah dengan Dengan Harga MURAH, Namun Anda bisa mendapatkan kualitas sekelas Cluster.Segera miliki hunian impian keluarga yang aman, nyaman, tentram dan tanpa renovasi. untuk info lebih lanjut bisa langsung survey ke lokasi dan kantor pemasaran yang beralamat di : LOKASI di Warung Kacung Kp. Kedaung, Desa Karang Anyar, Kec. Karang Bahagia, Cikarang Utara Kabupaten Beka"
87,2021-03-12,75.0,72.0,3.0,2.0,,1.0,Kabupaten Bekasi,HGB,2200.0,,586000000.0,"Rumah 2 lantai, Elegan, paling terjangkau di kelas nya dengan lokasi super strategis dekat stasiun Cibitung Promo bulan Nopember 2021 Diskon s/d 100jt untuk pembelian cash keras.
Promo KPR, bunga Ringan, hanya 4,75% Buruan survey dan booking unit nya sebelum kehabisan..Info lebih lanjut,"
88,2021-02-12,81.0,70.0,3.0,2.0,,1.0,Kota Bekasi,SHM,2200.0,,859946000.0,"Telah hadir rumah premium 2 lantai bernuansa islami dengan design scandinavian di Kota Bekasi, Lokasi strategis di Rawalumbu-Kota Bekasi : 300 m ke SMPN 16 Bekasi, 2 km ke Tol Bekasi Timur, 5 km ke Tol Bekasi Barat, 2 km ke RS Rawalumbu, 5 km ke Stasiun Bekasi, Timur, 4,5 km ke Bekasi Trade Center, 4 km ke LRT Bekasi Timur, 7km ke Tol Tambun, dan dekat dengan fasilitas publik lainnya., Lokasi bebas banjir, Harga mulai dari 800 jutaan, tersedia: 3 Kamar Tidur, 2 Kamar Mandi, ruang Tamu, halaman Belakang, layout bisa Custom, Dapatkan harga promo akhir tahun, Discount 50 juta ,Plus Bonus AC + Kitchen set"
89,2021-02-12,160.0,160.0,3.0,3.0,,1.0,Kota Bekasi,SHM,4400.0,Utara,1950000000.0,"LT 160 m2, KT 3 , KM. 3, Hadap utara, Toren atas dan bawah masing-masing pakai ukuran >2000L, Listrik prabayar 4400W, Ada saluran dan switch untuk Genset, Carport masuk 2 mobil, Ada gudang atas+bawah dengan kapasitas besar, Air PAM.
Dijual termasuk isinya, sbb: AC 6 unit, Sofa dan meja, Meja makan dan lemari makan, Kompor tanam, microwave dan lemari es, Meja TV, projector dan karaoke set, Kasur dan lemari disetiap kamar, Terpasang CCTV 8 titik. Harga 1.950M. List 2LH"
90,2021-02-12,135.0,110.0,3.0,3.0,1.0,1.0,Kota Bekasi,SHM,2200.0,Selatan,1200000000.0,"Di Jual Rumah Murah di Jaka sampurna Bekasi ,lokasi bebas banjir,strategis dekat ke Mall Bekasi Barat,akses keluar masuk pintu toll Bekasi Barat,lingkungan aman dan Nyaman ,more info hubungi kami segera terima kasih."
91,2021-02-12,60.0,60.0,2.0,2.0,1.0,1.0,Kabupaten Bekasi,SHM,1300.0,Selatan,399000000.0,"Lokasi Perumahan sangat Strategis dan hidup., Perumahan Strategis di setu., Hunian Asri Dan sudah ramai., Dekat jalan raya setu,Kawasan MM 2100,pasar setu, tol MM.```, "
92,2021-02-12,160.0,180.0,4.0,2.0,,1.0,Kota Bekasi,SHM,2200.0,,1400000000.0,"Dijual cepat Rumah siap huni di Cluster Taman Sari
Kota Harapan indah Bekasi
Lt. 160 m2; Lb. 180 m2; Kt. 4+1; Km 2; Listrik 2200 Watt; Air PDAM; Canopy; SHM; Lingkungan nyaman
Harga jual 1.4M nepis"
93,2021-02-12,90.0,45.0,2.0,1.0,,1.0,Kabupaten Bekasi,HGB,900.0,,420000000.0,"Dijual Rumah posisi Hook di Perumahan Permata Cikarang - Cikarang Timur, Luas Tanah 90 m2, Luas bangunan 45 m2, Kamar Tidur 2, Kamar Mandi 1, Ruang Tamu, Dapur, HGB tinggal naikkan ke SHM, Harga 420 juta Nego
"
94,2021-02-12,105.0,130.0,3.0,3.0,1.0,1.0,Kota Bekasi,SHM,2200.0,Selatan,1200000000.0,"Dijual cepat Rumah cantik rapih siap huni di bulevar hijau harapan indah bekasi Hunian aman nyaman dan asri Dekat ke sport club,hotel santika premier, eka hospital, pom bensin , sekolah. Harga nego"
95,2021-02-12,200.0,250.0,4.0,3.0,,1.0,Kota Bekasi,SHM,2200.0,Selatan,2300000000.0,"Dijual cepat harga BU rumah mewah dalam cluster eksklusif di Harapan Indah Regency. One gate sistem dg security 24 jam. Row jalan besar bisa 3-4mobil. Bebas banjir. Lokasi terdepan dan strategis dekat dengan clubhouse Harapan Indah, sentra kuliner, rumah ibadah, rumah sakit, bank, shuttle busway dan pasar.
Lt. 200; Lb. 250; 2 Lantai; Hadap Selatan; SHM; Kt. 4+1; Km. 3; PAM; Listrik 2200"
96,2021-01-12,50.0,60.0,3.0,2.0,1.0,,Kota Bekasi,"SHM,IMB",2200.0,,647000000.0,"RUMAH MURAH DESIGN MEWAH DI TIMUR JAKARTA 5 MENIT KE TOL JATIASIH, Lokasi : Jl.Benda,Jatiasih, Lokasi Perumahan Bebas Banjir, LT : 60m2, LB : 47m2, KT :3, KM:2, Dua Lantai, Legalitas SHM + IMB, SPESIFIKASI : Pondasi : Batu kali + Cakar Ayam, Struktur Beton Bertulang, Bata Merah, finishing Aci + Cat, Lantai Ruangan : Granite 60 X 60, Dinding & Lantai Kamar Mandi : Keramik, Kusen Alumunium, Daun Pintu Double Panel, Plafon : Rangka Holloway + Gipsum Board, Rangka Atap Baja Ringan, Penutup Atap Metal Roof, Sanitair Closed Duduk ex :Toto, Sumur Air : Pompa Air Semi Jet Pump/Jaringan Air Bersih, Daya Listrik : 2200vA SELLING POINT : Lokasi Di Dalam Cluster, Akses Jalan Depan +-6m, Akses Angkot +- 100m, Akses Tol Jatiasih +- 5 menit, Pusat Perbelanjaan +- 5 menit, HARGA 647JT"
97,2021-01-12,65.0,105.0,3.0,2.0,,1.0,Kota Bekasi,SHM,2200.0,,1190000000.0,"Rumah Exclusive 3 lantai. Lokasi Sangat Strategis: Hanya 300an meter ke Jl. Dr Ratna Jatibening, hanya 2 km ke Tol Jatibening, dekat dengan berbagai sarana dan prasarana, lokasi Insya Allah aman dari banjir, spesifikasi Bangunan yang memadai, bisa di Custom Layout Interior nya, ada Rooftop, ada Laundry Room, 3 Kamar Tidur, 2 Kamar mandi, Carport"
98,2021-01-12,156.0,150.0,7.0,2.0,,,Kota Bekasi,HGB,2200.0,Timur,1200000000.0,"Dijual Rumah Taman Wisma Asri 2 Teluk Pucung Bekasi
LT 156 M²; LB 150 M²; KT 7; Km 2; Hadap Timur; Listrik 2200; HGB
"
99,2021-01-12,320.0,300.0,3.0,3.0,1.0,2.0,Kota Bekasi,SHM,2200.0,,2500000000.0,"Luas tanah 320m; Luas bangunan 300m; 2 Lantai; Kamar tidur 3 +1; Kamar mandi 3 + 1(dalam); Waterheater Pemanas 2; Dapur kering; Dapur kotor; Ruang cuci, jemuran; Ada taman;Carport 3 mobil; Sertifikat hak milik; Tidak banjir; Lokasi strategis.
5 mnt dr pintu tol Jatibenin; 5 mnt dr pintu tol becak kayu,pdk kelapa; 5 mnt dr stasiun MRT Jatibening; Akses jalan 2 mobil.
"
100,2021-01-12,144.0,180.0,4.0,3.0,,2.0,Kota Bekasi,SHM,4400.0,,2690000000.0,"Rumah cantik furmished dan renovasi di asera one south harapan indah hi bekasi barat: Luas 144, Lb 180, Kt 3+1, Km3, Listrik 4400w, Pam, Shm, Carport 2, Lengkap dengan furnished msh baru
Rp 2, 690M.nego"
101,2021-01-12,108.0,47.0,2.0,1.0,,1.0,Kota Bekasi,SHM,1300.0,,1000000000.0,"Rumah siap,di salah satu cluster grand wisata,.aman,nyaman,asri dan pastinya bebas banjir."
102,2021-01-12,180.0,220.0,5.0,3.0,,,Kota Bekasi,SHM,2200.0,,1600000000.0,"Akses pintu tol Bekasibarat; Dekat Mall Summarecon Mall; Dekat sekolah Al Azhar , dekat sekolah Penabur; Banyak pusat2 kuliner dan dekat tempat ibadah; Keamanan 1 pintu; Bebas banjir."
103,2021-01-12,140.0,250.0,3.0,2.0,,,Kabupaten Bekasi,SHM,2200.0,Selatan,850000000.0,"DIJUAL RUMAH, Taman Kebalen bekasi cluster, Jual cepat Harga 850 nego sampai deal, Spesifikasi Rumah 2 lantai: Luas tanah : 140 m2, luas bangunan 250 m2, sertifikat hak milik, 2 lantai, 3 kamar tidur, 2 kamar mandi, dapur, ruang tamu. Ada teras, ada ruang keluarga, ada carport, inggi plafont 4.25 m2, Lantai 2 memiliki: Rang santai, ruang keluarga( karaoke), teras, tempat jemuran, Berikut ini kelebihan: Dijual butuh, baru direnovasi...kinclong, keamanan 24 jam one gate, lokasi belakang SMUN 1 Kebalen, hanya 15 meter, lokasi dekat dengan SDN, row jalan 7 meter dua mobil legsla, tdk berhadapan langsung dengan rumah, 1 km dari McDonals (buka 24 jam), 1 km dari Giant Hypermart, 25 Menit dari Stasiun Bekasi, 20 Menit dari Mall , Bekasi, 15 Menit dari Superindo, Naga, RSIA Anna Medika, Kampus BSI dan Sekolah Global, ada 2 pom bensin, listrik 2200, sumber Air tanah jetpump, dilengkapi Toren."
104,2021-01-12,60.0,55.0,2.0,1.0,,,Kabupaten Bekasi,SHM,1300.0,,250000000.0,"Di jual Rumah Lelang Bank Pondok Ungu Permai, Desa Bahagia, Kec. Babelan, Kabupaten Bekasi, 25 Km menuju Stasiun Bekasi, 30 Km menuju Tol Bekasi Barat, 5 Km menuju RSUD Ibu Anak & Anak Sayang Bunda, 10 Km menuju Marakkash Square, Harga dapat berubah sewaktu-waktu tanpa pemberitahuan lebih lanjut dari pihak Bank ybs"
105,2021-01-12,36.0,60.0,2.0,1.0,,,Kabupaten Bekasi,SHM,1300.0,Timur,300000000.0,"Lokasi Super Strategis, Selangkah menuju Kota Harapan Indah, 2 menit ke Grand Duta City, 10 menit ke Jembatan Alindra Harapan Indah, 15 menit ke Pasar Modern Harapan Indah, 15 menit ke RS Ananda, 25 menit ke stasiun Kranji & Bekasi, 30 menit ke Pintu Tol Bekasi & Tol Bintara"
106,2021-01-12,60.0,55.0,2.0,1.0,,,Kabupaten Bekasi,SHM,1300.0,,250000000.0,"RCG/20/V/010 MP/LB/THM/010 Di jual Rumah Lelang Bank Pondok Ungu Permai, Desa Bahagia, Kec. Babelan, Kabupaten Bekasi Luas Tanah : 60 M2 Luas Bangunan : 55 M2 Sertifikat : SHM K. Tidur : 2 K. Mandi : 1 Listrik : 1300 W Air : Sumur Bor Harga : Rp.250.000.xxx Lokasi : - 25 Km menuju Stasiun Bekasi - 30 Km menuju Tol Bekasi Barat - 5 Km menuju RSUD Ibu Anak & Anak Sayang Bunda - 10 Km menuju Marakkash Square Note : Harga dapat berubah sewaktu-waktu tanpa pemberitahuan lebih lanjut dari pihak Bank ybs"
107,,,,,,,,,,,,,
